{
  "targets": [
    "torch",
    "minecraft:glowstone"
  ],
  "particle_emitters": [
    {
      "chance": "0.3",
      "count": "1+rand()*2",
      "x": "rand()",
      "y": "1.2",
      "z": "rand()",
      "particle": "minecraft:block"
    },
    {
      "chance": "(TIME%200)/200.0",
      "count": "1 + (POS_X%2 == 0)*5",
      "x": "rand()",
      "y": "1.2",
      "z": "rand()",
      "particle": "minecraft:flame",
      "dx": "0",
      "dy": "0.02+rand()*0.5",
      "dz": "0"
    },
    {
      "chance": "0.1",
      "particle": "my_namespace:fancy_star",
      "x": "rand()",
      "y": "1.2",
      "z": "rand()"
    }
  ]
}